{"cameraMode":{"drawMode":0,"name":"Shaded","section":"Shading Mode"},"sceneLighting":false,"audioPlay":false,"sceneViewState":{"showFog":true,"showMaterialUpdate":true,"showSkybox":true,"showFlares":true,"showImageEffects":true,"showParticleSystems":true},"in2DMode":false,"pivot":{"x":2603.123046875,"y":1985.0120849609375,"z":2638.326171875},"rotation":{"x":0.1053607314825058,"y":-0.8934705853462219,"z":0.24990983307361604,"w":0.3591066598892212},"size":3815.446533203125,"orthographic":false}