{"cameraMode":{"drawMode":0,"name":"Shaded","section":"Shading Mode"},"sceneLighting":true,"audioPlay":false,"sceneViewState":{"showFog":true,"showMaterialUpdate":true,"showSkybox":true,"showFlares":true,"showImageEffects":true,"showParticleSystems":true},"in2DMode":false,"pivot":{"x":985.6526489257813,"y":1471.0362548828125,"z":58.904685974121097},"rotation":{"x":-0.26732945442199709,"y":-0.2850435972213745,"z":0.08550292998552323,"w":-0.9167900681495667},"size":1501.8017578125,"orthographic":false}