{"cameraMode":{"drawMode":0,"name":"Shaded","section":"Shading Mode"},"sceneLighting":false,"audioPlay":false,"sceneViewState":{"showFog":true,"showMaterialUpdate":true,"showSkybox":true,"showFlares":true,"showImageEffects":true,"showParticleSystems":true},"in2DMode":false,"pivot":{"x":2739.596435546875,"y":1824.763671875,"z":-30.389728546142579},"rotation":{"x":-0.31934478878974917,"y":0.2605803310871124,"z":-0.09179946035146713,"w":-0.9064921140670776},"size":1863.588623046875,"orthographic":false}